customer_id,customer_name,customer_address,phone_no
20223001,Skipper Leupoldt,7703 Gina Junction,62945212
20223002,Jacintha Swatland,636 Summer Ridge Center,87847001
20223003,Christian Verrell,1243 Summer Ridge Crossing,87545462
20223004,Rourke Oyley,33039 Wayridge Circle,57945514
20223005,Seline Lauchlan,889 Melvin Court,21046341
20223006,Beilul Label,39 Fieldstone Alley,12240241
20223007,Joanna Plaice,8573 Sunfield Court,67545027
20223008,Ximenes Trustie,441 Esch Avenue,88540216
20223009,Josy Harken,7620 Coleman Center,62648138
20223010,Kathi Pezey,2814 Towne Junction,54248285
20223011,Donni Noseworthy,58 Shopko Junction,37041347
20223012,Raine Ziehms,231 Lindbergh Junction,63645987
20223013,Johnette Joliffe,53 Hazelcrest Avenue,45140147
20223014,Quintana Poznanski,592 Springview Park,51041766
20223015,Boony Esom,4421 Artisan Circle,49444887
20223016,Tamiko Lodemann,479 Sunnyside Alley,62141761
20223017,Natala Lancley,1536 Heath Pass,51548655
20223018,Zaccaria Wordley,350 Hoepker Crossing,20345929
20223019,Hildagarde Dunston,86 Butterfield Crossing,13744792
20223020,Urbain Gotter,65 Macpherson Place,28641773
20223021,Xaviera Linford,35681 Fulton Parkway,67742549
20223022,Querida Shead,9 Clyde Gallagher Terrace,73946942
20223023,Hendrick Wilbud,70971 Mcguire Park,37143962
20223024,Cletus Broadbent,27247 Sutherland Crossing,84849561
20223025,Emmalynne McGilvray,8 Almo Street,57547123
20223026,Aaren Rentcome,62 Larry Parkway,67748810
20223027,Natal Tebboth,3170 Longview Point,61448566
20223028,Howard Fricke,16 Onsgard Court,82448691
20223029,Reinwald Itzig,191 Lunder Place,38442073
20223030,Karalynn Butte,270 Southridge Terrace,29743797
20223031,Aylmer Quince,78665 Packers Street,37144161
20223032,Jemie Barrowcliff,4779 Anniversary Drive,27144257
20223033,Regan Dove,7075 Dunning Lane,86446422
20223034,Rosina Gorgler,111 Garrison Avenue,92548323
20223035,Amy Jenkins,02695 Elmside Avenue,94048172
20223036,Montague Jenkinson,4 Stang Park,62441830
20223037,Trenton Biskupek,69 Laurel Junction,61646310
20223038,Brandy Such,95 Grasskamp Terrace,69243037
20223039,Cyndy Stainton,4186 Golf Course Terrace,94447339
20223040,Jacklin Skeech,324 Carioca Alley,48643372
20223041,Gayler Felipe,155 Sunbrook Place,95744178
20223042,Gustie Van Vuuren,856 Eagan Center,78546806
20223043,Abe Ollett,26624 Porter Street,88445163
20223044,Ashly Illyes,6 Haas Road,18740141
20223045,Ingaberg Kynoch,22255 Montana Pass,22843064
20223046,Gardener Panas,0 Sachtjen Street,85844748
20223047,Lesly Doward,0 Haas Center,38340420
20223048,Dody Brownhill,9220 Clarendon Circle,64341875
20223049,Clarisse Paradin,2324 Valley Edge Plaza,56348846
20223050,Leigh Dudson,52 Browning Center,54842739
20223051,Bartholemy Cornall,5301 Bayside Drive,97847734
20223052,Merla Saines,0 Pennsylvania Avenue,73643639
20223053,Harriot Lewtey,890 La Follette Road,17248521
20223054,Bowie Axston,25 Lakewood Avenue,52543462
20223055,Thorny Dyers,80 Jenna Point,71343459
20223056,Marje Pawel,59 Ronald Regan Center,48740284
20223057,Hildegaard Bonar,56376 Rowland Hill,68648863
20223058,Rey Dunston,76312 Lunder Pass,22347848
20223059,Anne-marie Imore,52426 Lakewood Gardens Lane,68149667
20223060,Madeline Skamell,077 Almo Crossing,76945231
20223061,Krystalle Methringham,627 Riverside Drive,40744728
20223062,Aurora Crush,29 Melby Place,50141776
20223063,Webb Poinsett,1 Pennsylvania Avenue,57849731
20223064,Charlean Curedale,69 Westridge Plaza,21448016
20223065,Neala Larive,106 Crownhardt Lane,61545035
20223066,Arnie Perillo,56429 Duke Terrace,60942632
20223067,Charisse Killgus,8651 Dryden Pass,88447164
20223068,Damaris Ivetts,343 Katie Drive,69640012
20223069,Sonya D' Angelo,15 Anderson Avenue,18246887
20223070,Jo Jeanet,90 Upham Circle,68943423
20223071,Ange Shallo,65 Northport Plaza,19945214
20223072,Ari Rominov,965 Pankratz Hill,18647028
20223073,Ky Emson,1961 Sundown Junction,13443714
20223074,Howey Sambles,9909 Bunting Trail,77747133
20223075,Friedrick Gotmann,5 Havey Center,47746952
20223076,Raye Strawbridge,63 Golf View Street,66443223
20223077,Vinny Elderton,5327 Monica Avenue,44546006
20223078,Skippie Westcar,8729 Kim Hill,48343444
20223079,Eddie Trenholm,48960 Portage Way,51642854
20223080,Sibylla Clausner,54913 Hoffman Street,39345199
20223081,Fred Rudloff,9 Commercial Drive,37647941
20223082,Osbert Whitehead,51760 Gina Junction,65949510
20223083,Saw McMillan,478 Loeprich Way,68441581
20223084,Cross Suatt,12356 Magdeline Alley,79847547
20223085,Grange Canacott,7 Marquette Place,52641680
20223086,Hendrika Vautre,0395 Cottonwood Pass,22343037
20223087,Lotta Silman,43 Shelley Plaza,62549126
20223088,Mirabel Croston,24 Emmet Court,90149122
20223089,Delilah Cecely,3736 Erie Way,55044432
20223090,Patricio Aylin,8651 Kim Lane,55142771
20223091,Genevieve Clemintoni,20432 Redwing Plaza,37645635
20223092,Desi Cogley,71859 Novick Road,64640628
20223093,Layney Seabrocke,623 Little Fleur Park,71443077
20223094,Mallory Posselt,389 Mitchell Street,73844373
20223095,Brittni Bullick,840 Westridge Avenue,54544736
20223096,Alta Mathivat,90 Eastwood Street,73241738
20223097,Tillie Evett,59446 Merchant Street,34847048
20223098,Blythe Marritt,1165 Merry Point,41648142
20223099,Rockwell Board,950 Loftsgordon Crossing,54743520
20223100,Kristos Lush,3842 Orin Point,38141587
20223101,Lauri Rawling,64422 Independence Circle,62945212
20223102,Ermina Stillgoe,17 Porter Junction,87847001
20223103,Emmi Ambler,2 Village Green Way,87545462
20223104,Vernice Tomaszczyk,07 Prairie Rose Plaza,57945514
20223105,Bernie Perle,9861 Lillian Circle,21046341
20223106,Dodi Fleckness,1940 Forest Dale Lane,12240241
20223107,Marion Gellibrand,87568 Village Way,67545027
20223108,Robinson Fuxman,29204 Northwestern Park,88540216
20223109,Regan Whitehouse,75 West Junction,62648138
20223110,Maggi Beccera,72972 Emmet Junction,54248285
20223111,Glynn Clutton,3 Gulseth Court,37041347
20223112,Susi McAirt,477 Roxbury Plaza,63645987
20223113,Latrena O'Cosgra,39584 Pepper Wood Crossing,45140147
20223114,Nat Astin,35221 Fallview Pass,51041766
20223115,Ferrell Farlow,49451 Lunder Road,49444887
20223116,Natty MacGrath,96983 Mayfield Drive,62141761
20223117,Ezmeralda Silverlock,77692 Stang Road,51548655
20223118,Rosabella Robeson,1514 Badeau Hill,20345929
20223119,Quent Devine,915 Thackeray Alley,13744792
20223120,Koo Petrescu,4 Mosinee Road,28641773
20223121,Boycie Matyashev,27 Arapahoe Point,67742549
20223122,Kele Dominichelli,3188 Gateway Road,73946942
20223123,Allie Artingstall,41 Hoffman Place,37143962
20223124,Roddie Leathard,8779 Mandrake Crossing,84849561
20223125,Kile Rao,547 Prentice Street,57547123
20223126,Celine Gavozzi,215 Redwing Crossing,67748810
20223127,Arnuad Linnett,9179 Hagan Road,61448566
20223128,Fancie Raatz,1 Manitowish Avenue,82448691
20223129,Brianna Michelotti,63 Kennedy Alley,38442073
20223130,Elston Mathouse,3 Lakeland Terrace,29743797
20223131,Lorinda Pemble,13 Anzinger Point,37144161
20223132,Leslie Bernuzzi,9414 Steensland Court,27144257
20223133,Lefty Wong,8814 Fremont Circle,86446422
20223134,Alene Claire,2687 Hudson Point,92548323
20223135,Benedetto Mulvihill,2 Mesta Avenue,94048172
20223136,Gusta Songist,44185 Kings Avenue,62441830
20223137,Dedie Polye,8295 Kings Park,61646310
20223138,Sollie Orred,51 Lukken Point,69243037
20223139,Winni Brickham,26 Gale Pass,94447339
20223140,Debee Flanne,21100 Weeping Birch Center,48643372
20223141,Ros Setchfield,9070 Continental Plaza,95744178
20223142,Jill Pourveer,26 Buell Road,78546806
20223143,Simon Jarvie,447 Sycamore Circle,88445163
20223144,Caleb Line,7 Graedel Alley,18740141
20223145,Lishe Milward,1 Warrior Court,22843064
20223146,Sabine Fendley,69 Farmco Pass,85844748
20223147,Brew Fyldes,32 Fulton Center,38340420
20223148,Brittaney Phelan,80 Park Meadow Parkway,64341875
20223149,Temp Barbrick,05 Calypso Parkway,56348846
20223150,Gothart Ladbrooke,299 Little Fleur Pass,54842739
20223151,Abbye Ormesher,768 Dunning Street,97847734
20223152,Rozanna Levesque,03 Independence Junction,73643639
20223153,Noell Mantram,18697 Petterle Point,17248521
20223154,Matty Greep,31793 Hauk Court,52543462
20223155,Thornton Costi,6 Village Green Parkway,71343459
20223156,Garrick Brockington,031 Center Avenue,48740284
20223157,Zorina Leverett,13 Charing Cross Junction,68648863
20223158,Kiel Appleyard,058 Merchant Terrace,22347848
20223159,Sheff Keymer,90 Summer Ridge Hill,68149667
20223160,Amabelle Cunnane,242 Glacier Hill Crossing,76945231
20223161,Alfy Antunez,02852 Grayhawk Pass,40744728
20223162,Dar Rablin,4465 Hayes Hill,50141776
20223163,Zsa zsa Kryska,4 Bayside Road,57849731
20223164,Eleanore Penrose,3721 Ridge Oak Pass,21448016
20223165,Lita Feben,37 Sheridan Parkway,61545035
20223166,Harwell Dog,49 Sunnyside Terrace,60942632
20223167,Terrance Bryett,31318 Sauthoff Terrace,88447164
20223168,Tiena Argue,8564 Melby Parkway,69640012
20223169,Isador Sudy,5 Lyons Circle,18246887
20223170,Lovell Wornham,70 Anniversary Avenue,68943423
20223171,Jasmine Cudd,41 Sutherland Place,19945214
20223172,Nicko Jenner,948 Sherman Plaza,18647028
20223173,Sonya Nurse,2943 Gulseth Junction,13443714
20223174,Tybie Drabble,9 Hayes Circle,77747133
20223175,Jimmy Ready,782 Morrow Park,47746952
20223176,Sherri Schorah,774 Mayer Trail,66443223
20223177,Emmi Roache,5 Northport Junction,44546006
20223178,Ashlee Lillicrop,4783 Summer Ridge Parkway,48343444
20223179,Shir Foukx,44893 7th Alley,51642854
20223180,Isaak Lalor,7028 Dayton Drive,39345199
20223181,Gabriellia Secrett,16 Columbus Junction,37647941
20223182,Thebault Hollingsbee,782 Mesta Alley,65949510
20223183,Wald Bullent,39635 Laurel Alley,68441581
20223184,Felipa Biskupski,617 Novick Court,79847547
20223185,Skip Harragin,30 Forest Dale Avenue,52641680
20223186,Maxy Aberhart,5297 Sycamore Hill,22343037
20223187,Tulley Eggers,0541 Independence Terrace,62549126
20223188,Aguste Bly,224 Maryland Road,90149122
20223189,Deane Alyukin,89317 Almo Lane,55044432
20223190,Starla Bofield,07 Spohn Court,55142771
20223191,Paolina Joesbury,313 Lakeland Pass,37645635
20223192,Olimpia Clemenzi,37 Graceland Pass,64640628
20223193,Shannon Creegan,85670 La Follette Hill,71443077
20223194,Salim Bernardotti,8 Waxwing Way,73844373
20223195,Veronica Howes,70455 Burrows Hill,54544736
20223196,Neddy Hukin,9 Harper Lane,73241738
20223197,Ancell Tomala,97846 Lyons Place,34847048
20223198,Zolly Pimlett,3640 Thompson Road,41648142
20223199,Samuele Bygott,695 Shasta Terrace,54743520
20223200,Bald Ferminger,78148 Nova Crossing,38141587
